{
  "mae": 9.480999999999934,
  "r2": NaN,
  "mse": 89.88936099999876,
  "rmse": 9.480999999999934
}