CRIM,ZN,INDUS,CHAS,NOX,RM,AGE,DIS,RAD,TAX,PTRATIO,B,LSTAT,TARGET
1.5619626854579367,-0.5773502691896257,-0.5978071628035907,0.0,-0.6820163661183771,0.7056526945351178,-0.3227430245760774,0.9270644407612879,0.9045340337332909,-0.7761441759351253,0.7724273938274558,0.9279921515184465,1.0884467532716626,36.2
-0.2862362730948279,-0.5773502691896257,1.7314972404709583,0.0,-0.3522502110721301,0.862693996979241,0.6149103941923157,-0.39687292314532197,-0.30151134457776363,-0.11559594109672079,0.12574399434400502,-1.4549277580590014,-0.31252431529582403,34.7
-1.214318939781884,1.7320508075688772,-0.5358829148637766,0.0,1.7162829433088842,-1.6582321738343553,1.1720667734604917,-1.457255958377254,-1.507556722888818,1.6678842929669715,-1.6705987819989165,0.9279921515184465,0.7112622348111858,24.0
-0.06140747258122511,-0.5773502691896257,-0.5978071628035907,0.0,-0.6820163661183771,0.0898854823199928,-1.464234143076731,0.9270644407612879,0.9045340337332909,-0.7761441759351253,0.7724273938274558,-0.4010565449780578,-1.4871846727870248,33.4
